<?xml version="1.0" encoding="UTF-8"?>
<p:declare-step version="3.0" xmlns:p="http://www.w3.org/ns/xproc">
    <p:output port="result" />
    
    <!-- Just loading Romeo and Julliet-->
    
    <p:load href="https://www.gutenberg.org/files/1112/1112.txt" />

    <p:for-each>
        <!-- create a sequence of non whitespace lines -->
        <p:with-input select="tokenize(., '\r\n|\r|\n')[not(normalize-space(.)='')]" />
        
        <!-- Create a new text document for each -->
        <p:identity>
            <p:with-input>
                <p:inline content-type="text/plain">{.}</p:inline>
            </p:with-input>
        </p:identity>
    </p:for-each>
    
    <!-- Join lines together adding a newline after each -->
    <p:text-join separator="&#10;" />
</p:declare-step>
